{"cameraMode":{"drawMode":0,"name":"Shaded","section":"Shading Mode"},"sceneLighting":true,"audioPlay":false,"sceneViewState":{"showFog":true,"showMaterialUpdate":false,"showSkybox":true,"showFlares":true,"showImageEffects":true,"showParticleSystems":true},"in2DMode":false,"pivot":{"x":0.507485568523407,"y":0.6383464336395264,"z":-4.247878074645996},"rotation":{"x":-0.048818983137607577,"y":-0.8362247943878174,"z":0.5409829020500183,"w":-0.07544858753681183},"size":1.5086712837219239,"orthographic":false}